TDSFU Daily run: Mon Oct 27 14:03:20 UTC 2025 TDSFU
TDSFU Daily run: Tue Oct 28 04:34:06 UTC 2025 TDSFU
TDSFU Daily run: Wed Oct 29 04:37:34 UTC 2025 TDSFU
TDSFU Daily run: Thu Oct 30 04:33:33 UTC 2025 TDSFU
TDSFU Daily run: Fri Oct 31 04:35:13 UTC 2025 TDSFU
TDSFU Daily run: Sat Nov  1 04:31:02 UTC 2025 TDSFU
TDSFU Daily run: Sun Nov  2 04:33:35 UTC 2025 TDSFU
TDSFU Daily run: Mon Nov  3 04:38:27 UTC 2025 TDSFU
TDSFU Daily run: Tue Nov  4 04:33:40 UTC 2025 TDSFU
TDSFU Daily run: Wed Nov  5 04:34:24 UTC 2025 TDSFU
TDSFU Daily run: Thu Nov  6 04:37:42 UTC 2025 TDSFU
TDSFU Daily run: Fri Nov  7 04:33:45 UTC 2025 TDSFU
